<?xml version="1.0" encoding="UTF-8"?>
<metadata xml:lang="en"><Esri><CreaDate>20230523</CreaDate><CreaTime>13033100</CreaTime><ArcGISFormat>1.0</ArcGISFormat><SyncOnce>TRUE</SyncOnce><DataProperties><lineage><Process ToolSource="c:\program files (x86)\arcgis\desktop10.8\ArcToolbox\Toolboxes\Data Management Tools.tbx\CopyFeatures" Date="20230523" Time="130331">CopyFeatures tempLayer P:\\jerome.lohry\NAIP_QQ_inventory\NAIP21\NAIP21_QQ_layers\HI_NAIP21_QQ.shp # 0 0 0</Process></lineage></DataProperties></Esri></metadata>
